student_id,student_group,attendance_rate,assignment_completion_rate,midterm_exam_score,previous_gpa,lms_engagement_hours,late_submissions_count,study_hours_weekly,support_needed
S0001,Group A,84.1,58.3,68.2,8.48,9.6,2,11.2,0
S0002,Group C,66.0,76.8,65.3,6.42,14.2,3,10.4,0
S0003,Group B,86.6,56.9,40.9,5.68,14.5,2,6.8,1
S0004,Group B,89.3,88.6,58.4,5.89,24.5,2,6.1,1
S0005,Group A,88.7,79.2,92.5,6.64,16.3,3,14.3,0
S0006,Group A,95.0,57.6,58.6,6.82,15.0,3,9.2,1
S0007,Group A,92.0,73.7,73.3,6.26,15.5,4,13.6,0
S0008,Group C,87.5,67.5,53.2,5.55,20.6,4,7.6,1
S0009,Group B,81.2,82.5,53.0,6.68,12.0,4,12.9,1
S0010,Group B,62.1,96.8,76.8,7.54,19.8,4,18.5,1
S0011,Group A,87.2,51.7,63.3,8.1,7.4,4,14.9,0
S0012,Group C,84.5,79.6,63.6,6.55,9.2,3,9.9,0
S0013,Group C,85.3,75.8,67.5,6.74,17.0,1,13.3,0
S0014,Group A,66.7,87.4,68.1,6.05,18.4,7,10.8,0
S0015,Group A,69.0,81.0,67.3,7.26,16.1,3,12.0,0
S0016,Group A,94.6,67.5,53.1,6.15,14.5,2,10.4,0
S0017,Group A,81.5,73.5,73.5,8.07,25.0,1,11.2,0
S0018,Group B,90.2,66.9,44.7,4.89,13.9,3,13.1,1
S0019,Group A,82.3,93.1,53.7,6.81,20.4,2,7.0,0
S0020,Group A,82.4,78.3,73.4,7.71,14.6,2,6.9,0
S0021,Group B,93.3,100.0,79.1,7.55,20.9,2,5.1,0
S0022,Group A,75.8,77.2,70.6,10.0,15.6,8,4.0,0
S0023,Group A,83.2,68.1,52.4,7.77,13.7,3,5.9,0
S0024,Group A,76.5,56.8,52.1,5.94,18.5,4,12.8,1
S0025,Group B,76.8,52.8,54.4,7.17,16.0,8,7.5,1
S0026,Group B,78.3,55.8,42.9,4.9,13.3,6,14.6,1
S0027,Group A,84.7,81.7,65.1,7.19,10.2,2,12.2,0
S0028,Group B,76.3,85.1,66.4,6.18,16.5,6,2.2,0
S0029,Group B,97.1,55.9,81.3,8.54,21.0,0,15.3,0
S0030,Group A,71.3,90.5,69.4,6.56,17.8,4,16.1,0
S0031,Group B,79.8,71.2,69.1,7.14,18.7,3,7.0,0
S0032,Group A,76.7,80.1,52.9,6.44,21.1,1,14.1,0
S0033,Group A,99.4,100.0,89.3,9.65,20.7,1,7.7,0
S0034,Group C,84.4,90.6,66.8,6.87,16.0,4,12.5,0
S0035,Group C,94.4,74.2,75.7,9.77,8.6,1,5.7,0
S0036,Group C,64.2,65.5,57.8,8.4,16.5,3,3.0,1
S0037,Group A,85.2,47.9,70.7,7.95,9.2,4,10.1,0
S0038,Group A,92.7,67.9,61.7,7.8,15.4,2,11.4,0
S0039,Group B,83.0,75.0,73.9,7.83,12.3,4,10.0,0
S0040,Group A,94.8,64.2,52.6,4.7,13.5,3,6.1,1
S0041,Group A,75.8,76.2,64.2,6.92,16.3,5,10.0,0
S0042,Group B,98.9,79.1,75.3,8.44,17.5,2,13.3,0
S0043,Group A,100.0,74.9,64.0,7.23,12.6,2,11.8,0
S0044,Group C,77.6,68.9,60.5,5.4,18.6,4,12.9,1
S0045,Group A,76.7,80.4,66.6,7.23,15.1,4,8.6,0
S0046,Group B,99.4,84.2,87.0,9.6,12.4,4,17.9,0
S0047,Group A,100.0,62.7,68.7,8.98,13.7,1,6.1,0
S0048,Group B,75.7,97.8,83.2,7.22,19.7,2,14.4,0
S0049,Group B,77.0,76.6,83.4,8.58,16.7,7,17.9,0
S0050,Group A,78.6,78.3,60.8,6.81,20.6,2,14.4,0
S0051,Group C,65.9,87.9,69.9,5.0,17.4,4,11.0,1
S0052,Group B,71.0,81.3,54.0,6.05,16.6,5,9.4,1
S0053,Group C,70.0,91.3,86.8,9.41,15.3,5,17.2,0
S0054,Group C,72.8,82.0,68.6,6.93,19.6,4,4.9,1
S0055,Group B,81.6,69.4,46.9,6.97,15.7,4,7.1,1
S0056,Group C,84.8,83.1,69.9,6.9,16.0,2,10.0,0
S0057,Group A,100.0,62.0,74.7,9.87,8.2,2,18.2,0
S0058,Group A,70.0,79.5,70.0,9.5,21.1,3,13.9,0
S0059,Group A,93.8,77.5,86.8,10.0,12.7,4,7.2,0
S0060,Group A,79.4,75.1,61.2,7.09,14.2,6,10.4,0
S0061,Group A,81.4,76.2,61.5,7.7,17.3,1,8.9,0
S0062,Group A,90.1,51.7,53.6,5.25,8.7,2,8.5,1
S0063,Group C,68.5,70.3,79.5,9.29,10.8,5,16.9,0
S0064,Group A,86.6,79.3,60.2,5.72,10.3,5,5.1,1
S0065,Group A,84.0,80.2,86.2,7.59,19.0,1,20.0,0
S0066,Group B,87.9,63.6,67.9,5.82,12.5,3,16.1,0
S0067,Group A,85.5,95.7,60.0,6.51,25.0,2,17.5,0
S0068,Group C,100.0,65.9,58.8,6.17,11.6,0,9.7,0
S0069,Group A,74.3,91.6,65.6,6.48,15.9,12,11.3,0
S0070,Group C,75.6,84.0,67.5,6.57,15.7,3,4.8,0
S0071,Group B,74.5,69.0,40.2,6.56,15.8,5,9.4,1
S0072,Group A,75.3,100.0,100.0,8.43,18.6,5,14.5,0
S0073,Group A,74.4,61.3,66.6,5.81,15.6,4,18.5,0
S0074,Group C,96.3,90.9,74.5,7.6,15.6,3,6.5,0
S0075,Group B,99.0,92.0,90.1,8.94,14.6,2,10.2,0
S0076,Group B,75.2,68.6,81.4,6.61,9.6,8,11.2,0
S0077,Group B,72.0,97.5,74.2,6.33,12.9,3,5.0,0
S0078,Group A,87.7,74.5,77.8,6.99,14.4,4,15.0,0
S0079,Group A,75.4,82.0,73.3,8.89,16.2,5,8.4,0
S0080,Group A,89.6,81.6,70.9,7.56,15.2,5,11.0,0
S0081,Group C,84.4,76.1,61.7,6.58,19.9,2,9.7,0
S0082,Group B,63.8,89.4,63.5,7.95,22.0,5,8.1,0
S0083,Group A,100.0,89.1,66.1,5.81,17.3,3,12.0,0
S0084,Group A,100.0,53.5,54.9,8.22,7.2,1,10.9,1
S0085,Group A,74.6,96.3,74.6,7.85,17.7,6,10.1,0
S0086,Group A,77.3,54.7,43.5,6.88,11.0,4,8.4,1
S0087,Group B,85.4,92.5,74.3,6.17,16.8,6,13.6,0
S0088,Group B,86.0,93.8,77.3,6.1,16.9,4,20.3,0
S0089,Group C,89.9,62.7,69.1,8.02,12.1,3,12.7,0
S0090,Group B,100.0,72.2,74.3,8.96,14.4,0,17.0,0
S0091,Group A,79.9,62.5,81.2,6.44,12.1,2,5.0,0
S0092,Group B,72.4,75.0,80.3,7.92,16.6,3,12.8,0
S0093,Group B,65.4,73.7,43.4,4.48,16.9,6,6.5,1
S0094,Group B,73.2,88.9,66.6,6.51,15.5,8,4.6,0
S0095,Group B,81.6,96.3,68.4,7.26,23.2,3,8.3,0
S0096,Group B,100.0,97.5,71.2,6.07,16.7,2,18.0,0
S0097,Group B,75.8,70.1,54.5,6.04,10.4,2,16.8,1
S0098,Group A,84.7,75.1,70.4,6.4,17.2,5,13.2,0
S0099,Group A,81.8,54.4,51.8,7.69,10.3,5,4.3,1
S0100,Group A,96.3,66.7,74.0,7.05,15.6,4,11.0,0
S0101,Group A,100.0,91.5,76.8,4.28,11.4,2,13.5,0
S0102,Group B,75.6,100.0,79.2,4.44,24.2,2,12.9,0
S0103,Group A,76.1,60.7,47.1,6.48,15.7,9,2.8,1
S0104,Group B,94.5,69.7,71.2,7.92,10.7,2,7.5,0
S0105,Group C,90.2,77.6,64.3,3.59,12.0,2,11.7,0
S0106,Group A,100.0,81.9,69.5,6.63,22.1,2,14.7,0
S0107,Group A,89.0,66.7,51.6,6.59,12.5,2,2.0,0
S0108,Group B,77.7,83.9,88.9,9.17,14.9,5,11.2,0
S0109,Group A,89.1,71.4,69.0,6.78,8.6,5,12.7,0
S0110,Group A,95.3,77.8,80.9,7.82,15.4,1,16.2,0
S0111,Group A,91.8,85.6,70.0,7.49,17.0,2,15.5,0
S0112,Group A,88.1,78.1,54.0,4.42,18.6,5,14.9,1
S0113,Group C,94.8,71.9,65.2,8.34,11.3,7,8.0,0
S0114,Group C,96.0,76.5,64.6,7.59,11.7,4,2.5,0
S0115,Group B,98.6,76.8,63.8,7.99,17.6,4,10.0,0
S0116,Group C,89.8,72.8,80.2,10.0,18.7,4,17.0,0
S0117,Group C,80.0,74.4,50.6,4.49,11.2,5,19.0,1
S0118,Group A,83.8,100.0,77.9,9.63,23.2,4,15.6,0
S0119,Group C,96.5,85.9,80.1,6.91,17.8,3,14.1,0
S0120,Group B,72.2,73.9,73.8,7.69,19.1,4,13.9,1
S0121,Group C,86.4,87.8,68.4,7.24,17.8,7,9.2,0
S0122,Group C,77.3,73.3,56.9,6.73,8.2,3,11.3,0
S0123,Group A,82.3,94.4,70.3,6.53,18.7,2,20.3,0
S0124,Group A,97.3,83.2,68.8,7.74,20.5,0,7.3,0
S0125,Group A,84.3,76.5,73.7,5.25,13.6,2,20.1,0
S0126,Group A,82.6,84.3,81.2,8.31,16.3,2,10.4,0
S0127,Group C,65.7,56.0,58.1,6.74,12.4,7,18.6,1
S0128,Group C,91.0,62.2,46.8,5.77,5.3,3,5.0,1
S0129,Group A,89.7,61.3,67.1,6.69,18.8,4,14.9,1
S0130,Group B,100.0,80.0,68.9,9.0,14.1,5,8.3,0
S0131,Group A,78.3,100.0,65.6,6.58,21.5,4,4.9,0
S0132,Group A,84.6,100.0,90.4,7.78,19.7,4,13.1,0
S0133,Group A,85.0,86.9,80.1,6.31,21.7,1,17.0,0
S0134,Group A,100.0,85.0,76.2,8.32,18.8,4,7.8,0
S0135,Group C,80.9,52.8,48.1,8.23,11.7,3,4.5,1
S0136,Group A,85.3,70.4,76.2,9.8,12.6,7,11.5,0
S0137,Group B,89.3,67.0,74.2,7.06,17.1,4,11.6,0
S0138,Group B,84.2,69.3,68.3,8.2,9.5,3,14.7,0
S0139,Group A,76.6,75.6,82.2,7.43,18.0,7,16.7,0
S0140,Group C,84.3,71.4,82.9,9.05,12.1,1,11.7,0
S0141,Group C,94.9,50.3,78.3,6.33,15.8,2,21.3,0
S0142,Group A,69.7,88.5,77.5,8.31,18.6,5,13.1,0
S0143,Group B,83.6,63.0,67.2,7.04,16.0,5,10.3,0
S0144,Group A,73.6,81.3,75.1,7.21,17.3,3,3.9,0
S0145,Group A,96.3,100.0,82.4,7.42,14.7,3,10.7,0
S0146,Group A,63.7,65.1,58.1,7.64,11.8,4,10.3,1
S0147,Group B,75.3,42.6,55.2,7.14,12.8,4,16.8,1
S0148,Group B,86.5,74.0,73.1,7.59,16.3,5,14.3,0
S0149,Group A,100.0,93.4,69.7,9.43,22.5,3,6.1,0
S0150,Group A,81.2,100.0,80.5,8.63,21.2,6,12.9,0
S0151,Group C,75.3,60.8,77.0,8.47,10.8,5,15.4,1
S0152,Group A,100.0,85.0,60.4,6.69,15.2,1,19.6,0
S0153,Group A,64.6,71.5,76.2,6.1,15.7,6,16.4,0
S0154,Group B,55.6,76.5,80.4,8.59,9.3,8,15.8,0
S0155,Group C,87.3,100.0,78.1,8.48,25.0,5,12.3,0
S0156,Group A,76.0,57.0,72.8,9.29,14.4,6,13.9,0
S0157,Group B,69.7,81.6,70.6,6.48,20.7,6,18.2,0
S0158,Group B,90.5,84.5,77.5,6.99,12.8,5,5.3,0
S0159,Group A,84.9,93.2,75.3,5.09,22.6,3,10.3,0
S0160,Group B,75.2,79.4,53.6,6.77,23.4,8,8.1,1
S0161,Group A,66.6,82.3,78.7,8.65,13.2,7,13.9,1
S0162,Group B,92.5,72.5,69.7,6.67,17.9,0,18.2,0
S0163,Group B,89.8,81.8,73.3,8.16,17.1,2,9.0,0
S0164,Group B,80.8,73.2,54.4,7.04,11.1,4,2.0,1
S0165,Group A,100.0,86.7,89.2,7.74,19.4,2,9.9,0
S0166,Group C,69.2,72.8,72.5,5.75,18.2,9,16.6,1
S0167,Group A,63.7,83.3,64.8,7.42,15.5,1,14.7,0
S0168,Group A,73.7,77.6,47.5,3.5,19.9,0,14.1,1
S0169,Group A,81.5,93.8,70.2,7.05,14.0,2,10.6,0
S0170,Group B,84.9,77.3,62.3,5.1,11.9,4,5.6,0
S0171,Group B,79.1,53.2,68.9,8.93,12.9,3,14.6,0
S0172,Group A,86.2,95.7,86.7,8.35,19.4,4,7.8,0
S0173,Group B,67.0,65.3,78.3,7.93,12.3,4,22.9,1
S0174,Group A,99.3,68.8,84.7,9.35,17.4,4,14.9,0
S0175,Group B,81.0,69.7,63.3,6.02,16.7,7,9.1,0
S0176,Group A,95.4,97.2,72.2,9.66,22.1,2,8.9,0
S0177,Group B,86.1,48.1,61.6,8.56,11.3,3,11.5,0
S0178,Group A,87.5,100.0,84.7,6.98,21.8,2,10.8,0
S0179,Group C,88.8,92.8,83.6,8.83,17.5,2,17.6,0
S0180,Group A,87.4,81.1,71.6,5.81,23.1,2,12.9,0
S0181,Group A,89.7,77.2,62.1,6.19,13.9,2,8.3,0
S0182,Group A,97.9,82.0,68.9,6.48,23.4,1,21.5,0
S0183,Group C,84.4,85.3,69.4,6.59,17.8,3,12.2,0
S0184,Group C,90.5,87.0,74.7,5.87,13.8,4,15.8,0
S0185,Group A,80.9,85.8,69.7,8.95,21.8,8,9.0,0
S0186,Group B,99.3,79.3,70.8,6.95,17.1,3,13.8,0
S0187,Group C,73.9,75.2,62.3,7.78,18.6,5,13.6,0
S0188,Group B,100.0,75.9,71.8,6.53,19.8,3,2.6,0
S0189,Group B,81.5,75.3,65.5,4.84,17.1,1,22.1,0
S0190,Group A,64.8,93.9,89.5,7.66,17.2,3,18.5,0
S0191,Group A,83.5,86.3,75.8,4.72,20.7,1,10.0,0
S0192,Group C,73.8,40.0,50.4,7.21,10.4,6,6.5,1
S0193,Group C,92.1,87.2,61.8,5.45,20.0,5,13.7,1
S0194,Group B,74.2,80.7,60.9,9.98,10.5,3,12.4,0
S0195,Group A,76.6,77.7,61.7,8.53,17.8,4,13.8,1
S0196,Group A,59.3,72.6,54.3,7.44,13.7,8,13.0,1
S0197,Group B,76.6,93.7,92.0,9.01,24.0,3,14.5,0
S0198,Group C,52.9,91.3,72.1,6.16,20.5,10,19.2,0
S0199,Group C,63.0,67.2,70.1,8.03,15.5,5,14.8,1
S0200,Group B,91.1,83.7,52.4,7.57,18.9,1,6.8,0
S0201,Group B,91.4,64.4,62.2,7.66,11.3,0,18.8,0
S0202,Group A,87.1,58.7,81.2,9.02,18.3,4,20.2,1
S0203,Group A,70.4,69.2,80.5,8.29,21.1,7,27.8,1
S0204,Group C,81.4,90.1,69.9,7.69,19.6,3,6.4,0
S0205,Group B,82.0,91.3,72.8,5.07,23.4,6,13.2,0
S0206,Group A,68.1,85.2,72.5,6.0,15.9,1,2.0,0
S0207,Group A,100.0,88.2,75.3,7.13,15.7,1,14.8,0
S0208,Group B,92.5,85.2,72.7,7.43,17.8,2,9.3,0
S0209,Group A,79.3,69.0,69.3,5.77,16.3,3,21.6,0
S0210,Group A,82.3,84.0,96.3,10.0,16.3,3,8.1,0
S0211,Group B,84.5,89.2,57.5,9.35,19.9,4,3.6,1
S0212,Group B,57.5,88.6,75.9,8.11,19.1,6,9.6,0
S0213,Group B,79.0,94.6,67.7,7.4,16.1,1,2.1,0
S0214,Group A,73.8,87.9,77.9,7.01,19.6,2,15.8,0
S0215,Group B,70.0,82.9,53.6,6.01,19.9,7,2.0,1
S0216,Group A,78.6,93.0,74.3,7.4,19.4,7,12.1,0
S0217,Group A,100.0,77.6,72.1,7.65,19.9,1,2.0,0
S0218,Group B,89.7,65.7,85.1,5.62,10.9,3,10.4,0
S0219,Group B,75.1,75.7,81.0,7.75,17.5,3,20.2,0
S0220,Group C,88.9,67.6,60.7,7.09,11.3,2,13.8,0
S0221,Group B,98.8,68.5,54.7,4.72,11.6,2,7.7,1
S0222,Group B,93.1,76.0,63.2,6.14,14.3,1,11.8,0
S0223,Group A,82.7,66.9,49.7,6.74,11.9,1,12.1,1
S0224,Group A,74.2,73.7,73.4,9.85,14.1,4,14.4,0
S0225,Group A,90.4,51.5,65.0,8.05,11.6,4,5.2,0
S0226,Group A,86.7,81.0,57.6,5.5,19.5,2,15.0,0
S0227,Group C,92.7,78.0,74.8,7.96,15.5,3,2.0,0
S0228,Group A,89.6,66.6,62.2,5.21,9.9,4,8.9,0
S0229,Group C,94.6,87.2,71.5,8.76,21.4,1,9.6,0
S0230,Group B,75.6,91.1,72.2,6.66,16.1,2,15.2,0
S0231,Group B,97.8,55.5,76.5,7.17,12.7,3,12.1,0
S0232,Group B,84.4,67.3,72.7,9.09,16.1,3,5.0,0
S0233,Group B,100.0,67.2,60.0,5.56,15.4,2,7.1,0
S0234,Group B,73.7,64.8,56.8,5.41,17.7,3,13.0,1
S0235,Group A,100.0,89.6,74.3,6.51,19.8,3,11.6,0
S0236,Group B,84.4,75.3,67.1,8.7,13.5,3,9.1,0
S0237,Group A,74.2,74.3,42.4,5.25,22.4,6,9.6,1
S0238,Group A,76.2,49.9,66.1,3.5,12.6,7,15.5,1
S0239,Group B,78.2,86.9,69.7,6.69,17.5,1,9.4,0
S0240,Group A,87.1,60.7,69.3,8.04,16.6,3,11.6,0
S0241,Group C,88.3,78.8,82.4,8.92,17.4,3,22.8,0
S0242,Group C,75.1,81.9,57.3,6.67,18.3,3,4.9,0
S0243,Group C,81.7,97.0,66.8,6.74,25.0,5,2.7,0
S0244,Group A,100.0,59.7,60.3,8.86,12.7,3,15.9,0
S0245,Group A,100.0,40.0,67.3,4.78,9.4,0,8.6,1
S0246,Group C,87.2,80.6,58.7,6.78,17.2,4,10.4,1
S0247,Group A,82.5,100.0,67.2,7.56,23.2,2,8.1,0
S0248,Group C,83.4,95.3,73.2,7.91,14.7,2,10.7,0
S0249,Group C,89.4,80.9,85.2,6.61,11.1,0,20.0,0
S0250,Group C,69.7,71.1,68.2,7.35,13.6,6,16.0,0
S0251,Group A,78.9,89.3,55.9,3.94,13.4,4,16.3,1
S0252,Group A,62.0,64.4,64.4,6.41,13.0,4,4.9,1
S0253,Group C,86.8,84.7,76.4,7.91,19.1,6,6.2,0
S0254,Group A,89.8,85.1,66.8,5.97,14.9,5,2.0,0
S0255,Group A,76.2,92.8,77.1,7.38,14.6,6,8.0,0
S0256,Group B,100.0,100.0,100.0,7.9,20.2,2,16.8,0
S0257,Group C,67.3,83.5,87.0,6.84,19.9,5,14.6,0
S0258,Group B,64.4,70.9,58.8,7.53,10.3,2,10.9,1
S0259,Group B,84.7,77.6,78.8,6.0,18.9,1,11.9,0
S0260,Group A,94.6,53.2,62.6,7.02,15.0,2,8.6,0
S0261,Group B,100.0,68.3,75.9,8.12,17.8,5,13.0,0
S0262,Group C,76.5,72.3,56.3,7.51,19.2,7,15.8,1
S0263,Group A,94.9,70.7,59.7,6.51,21.9,2,3.9,0
S0264,Group B,81.5,80.1,65.6,7.6,15.8,6,13.5,0
S0265,Group C,79.9,66.5,77.8,8.26,15.0,6,16.7,0
S0266,Group B,92.6,93.7,75.5,4.53,17.7,5,9.9,0
S0267,Group B,89.8,78.0,61.1,8.86,16.5,2,15.5,0
S0268,Group B,63.1,77.9,74.5,6.85,21.1,8,26.1,1
S0269,Group A,99.7,73.4,80.9,7.87,11.7,2,11.5,0
S0270,Group A,98.6,80.2,77.4,8.92,14.2,4,14.0,0
S0271,Group C,74.5,89.6,70.2,5.45,22.5,4,8.3,0
S0272,Group C,86.7,65.9,66.5,6.34,17.6,3,12.9,0
S0273,Group C,87.9,68.8,70.3,6.91,13.9,3,14.3,0
S0274,Group C,85.1,73.7,63.8,6.24,18.4,3,13.0,0
S0275,Group B,75.4,59.2,55.8,9.64,14.5,3,6.9,1
S0276,Group B,73.9,66.5,52.5,6.14,19.1,2,13.0,1
S0277,Group B,81.7,71.3,75.4,6.55,15.6,5,19.3,0
S0278,Group B,96.1,90.2,78.4,7.58,21.5,1,14.2,0
S0279,Group B,88.5,81.7,69.0,5.68,25.0,4,16.8,1
S0280,Group B,77.6,80.7,64.0,6.77,18.7,5,10.8,0
S0281,Group C,91.3,89.9,76.4,7.73,18.5,3,15.7,0
S0282,Group A,50.0,76.1,72.0,6.85,18.3,3,13.4,0
S0283,Group A,95.8,83.5,67.3,7.17,16.3,3,7.2,0
S0284,Group A,61.1,76.6,54.1,6.59,23.4,2,13.6,1
S0285,Group B,77.7,81.7,66.7,5.26,17.6,5,7.0,0
S0286,Group A,68.6,69.8,62.2,7.73,14.4,2,8.8,0
S0287,Group B,66.5,43.9,63.2,9.67,8.5,5,12.9,1
S0288,Group B,95.9,76.1,84.9,7.32,19.5,5,13.5,0
S0289,Group A,76.4,97.9,72.4,7.6,22.3,1,6.1,0
S0290,Group B,86.2,91.0,83.3,8.24,17.1,1,17.3,0
S0291,Group A,81.4,91.5,61.5,5.59,20.4,5,14.9,1
S0292,Group A,87.7,95.3,79.2,9.6,14.7,0,8.5,0
S0293,Group C,82.9,79.2,70.6,7.57,17.2,3,4.3,0
S0294,Group A,66.6,80.8,61.8,9.5,18.3,6,11.3,1
S0295,Group A,94.0,69.4,65.4,6.31,20.2,1,9.8,0
S0296,Group B,76.1,73.6,75.6,9.75,13.5,7,12.6,0
S0297,Group B,63.3,86.6,72.0,8.35,14.0,5,10.2,1
S0298,Group A,76.9,94.9,78.5,8.05,16.5,3,2.0,0
S0299,Group B,100.0,76.0,73.8,7.62,12.2,1,10.1,0
S0300,Group A,92.2,71.7,78.6,6.96,19.5,5,10.5,0
S0301,Group A,77.8,78.0,67.9,8.92,21.1,5,15.2,0
S0302,Group B,77.8,86.4,71.1,7.49,18.8,2,8.5,0
S0303,Group B,78.1,57.8,60.2,4.64,16.9,4,20.4,1
S0304,Group B,100.0,45.9,41.5,5.79,11.7,3,2.4,1
S0305,Group B,86.6,70.3,78.8,7.05,15.0,2,18.6,0
S0306,Group C,87.2,60.9,83.4,7.72,12.7,3,10.9,0
S0307,Group B,94.4,70.9,71.4,7.22,14.4,6,16.3,0
S0308,Group A,84.9,75.9,78.4,8.95,11.5,1,12.4,0
S0309,Group B,78.9,71.7,63.4,4.67,16.3,0,17.7,0
S0310,Group A,79.6,98.3,69.8,7.49,19.6,2,10.1,0
S0311,Group A,81.1,82.6,45.4,4.85,19.4,1,6.5,1
S0312,Group A,81.6,82.2,73.1,8.33,17.4,1,19.1,0
S0313,Group A,90.7,86.7,62.0,7.17,17.4,5,11.4,0
S0314,Group C,82.6,62.1,80.1,7.87,11.3,0,13.1,0
S0315,Group C,90.8,92.5,75.6,6.13,19.0,6,18.2,0
S0316,Group B,81.0,76.9,68.0,9.03,18.5,3,6.8,0
S0317,Group A,82.9,87.4,86.2,8.71,14.6,4,15.0,0
S0318,Group A,58.0,63.0,52.1,8.09,14.3,0,9.1,1
S0319,Group A,93.0,56.2,56.4,7.13,13.7,6,11.3,1
S0320,Group A,86.2,89.5,77.3,8.08,16.2,4,12.4,0
S0321,Group B,94.0,83.3,73.5,6.35,15.6,1,4.5,0
S0322,Group B,50.0,65.4,65.2,8.46,15.2,11,8.1,1
S0323,Group B,100.0,65.8,81.1,9.53,11.1,2,18.8,0
S0324,Group A,80.3,93.8,82.7,8.75,20.1,3,16.4,0
S0325,Group C,95.3,61.3,65.7,6.32,11.1,3,11.7,0
S0326,Group B,69.5,100.0,79.2,7.79,23.2,6,13.2,0
S0327,Group B,89.4,65.4,51.7,5.55,21.5,5,10.5,1
S0328,Group B,69.4,86.9,77.9,8.07,15.3,6,18.8,1
S0329,Group A,74.5,73.4,59.3,7.91,17.3,3,11.0,0
S0330,Group A,100.0,86.4,69.0,4.78,15.7,1,13.2,0
S0331,Group A,79.7,70.4,61.8,5.73,18.4,2,17.7,1
S0332,Group B,84.6,75.7,85.7,6.92,12.3,1,8.1,0
S0333,Group A,92.4,78.6,74.9,6.89,18.0,1,19.8,0
S0334,Group A,87.9,64.0,44.2,5.67,11.6,2,4.3,1
S0335,Group A,83.8,88.4,79.3,7.83,17.5,3,20.1,0
S0336,Group A,86.4,70.8,71.6,7.64,12.2,6,10.1,0
S0337,Group C,100.0,74.8,82.9,7.04,18.4,2,10.8,0
S0338,Group B,81.3,64.1,50.4,6.28,11.7,0,2.5,1
S0339,Group B,84.4,42.1,47.4,8.72,12.4,3,9.7,1
S0340,Group A,94.6,75.3,80.2,9.53,15.0,0,6.8,0
S0341,Group B,95.3,100.0,64.2,6.65,19.7,4,9.0,0
S0342,Group B,96.2,89.0,69.1,6.47,18.7,5,11.3,0
S0343,Group A,89.7,77.7,73.7,7.96,14.2,1,16.8,0
S0344,Group A,68.3,74.3,64.8,6.82,16.5,7,13.0,0
S0345,Group A,100.0,78.3,78.3,7.11,21.1,3,13.5,0
S0346,Group B,68.2,85.7,64.0,8.3,15.4,5,6.5,0
S0347,Group B,85.6,61.5,51.4,4.72,17.4,2,7.6,1
S0348,Group A,72.9,93.6,84.8,9.08,23.5,5,21.0,1
S0349,Group A,81.2,88.0,71.9,7.4,15.6,5,8.3,0
S0350,Group B,85.9,88.1,78.2,6.74,13.7,2,20.3,0
S0351,Group B,85.9,84.1,74.5,7.18,18.4,2,10.8,0
S0352,Group C,87.1,78.3,77.0,7.25,14.9,5,12.0,0
S0353,Group B,100.0,87.4,75.2,4.96,23.6,1,17.4,0
S0354,Group A,87.4,86.3,87.1,9.32,17.9,2,18.4,0
S0355,Group A,79.1,73.0,54.5,7.36,13.3,3,11.4,0
S0356,Group B,93.6,70.0,69.3,7.9,11.8,0,10.1,0
S0357,Group A,96.3,79.4,79.6,8.58,20.0,3,11.7,0
S0358,Group B,67.3,99.7,77.7,5.92,18.2,6,13.7,0
S0359,Group C,89.2,60.7,63.9,7.94,13.8,4,16.5,0
S0360,Group B,90.4,57.5,57.2,6.94,16.1,4,12.0,1
S0361,Group A,78.4,80.3,70.7,8.44,15.4,7,15.1,0
S0362,Group B,98.5,78.7,73.4,4.43,16.5,3,20.2,0
S0363,Group B,80.2,80.4,79.2,7.17,16.8,4,13.9,0
S0364,Group B,83.5,81.4,66.3,6.49,19.1,2,13.6,0
S0365,Group C,79.9,74.9,72.0,7.88,17.8,2,4.4,0
S0366,Group A,82.2,98.9,73.1,7.93,19.2,2,2.0,0
S0367,Group C,68.8,55.6,57.1,6.34,13.1,8,13.9,1
S0368,Group C,64.7,66.4,58.0,6.34,13.5,3,11.5,1
S0369,Group A,100.0,76.6,75.5,7.15,11.8,2,9.4,0
S0370,Group A,71.8,55.0,59.7,6.09,13.6,6,13.2,1
S0371,Group A,70.1,75.5,88.3,8.44,21.8,5,11.7,1
S0372,Group A,56.2,100.0,68.8,6.8,17.3,4,17.6,0
S0373,Group A,74.3,78.3,61.5,3.5,14.2,1,12.4,0
S0374,Group B,66.1,81.2,60.0,6.79,14.4,6,8.3,1
S0375,Group A,100.0,60.4,58.2,5.9,15.8,3,17.0,1
S0376,Group A,94.1,69.4,60.9,5.1,16.4,4,10.9,1
S0377,Group C,73.7,72.7,64.3,5.63,15.2,5,14.6,1
S0378,Group A,100.0,73.6,92.8,7.45,13.0,3,9.6,0
S0379,Group C,93.8,95.9,79.3,9.09,19.6,3,8.8,0
S0380,Group A,78.1,85.8,64.2,7.72,13.0,2,12.4,0
S0381,Group A,52.0,62.4,59.3,6.48,14.4,7,12.1,1
S0382,Group B,100.0,81.5,60.3,7.92,19.6,1,14.4,0
S0383,Group B,65.3,85.0,65.9,6.68,13.8,5,10.7,0
S0384,Group C,62.3,94.0,63.3,6.36,14.4,8,2.8,0
S0385,Group B,94.3,100.0,79.3,5.74,24.7,2,9.8,0
S0386,Group C,100.0,63.8,70.6,4.94,12.4,2,16.0,0
S0387,Group A,98.6,66.6,61.4,6.77,18.1,2,10.5,0
S0388,Group A,88.8,60.4,63.0,7.51,13.2,5,10.8,0
S0389,Group B,89.1,74.7,66.2,7.17,15.5,4,16.9,0
S0390,Group C,92.2,84.5,60.2,6.74,18.8,5,8.4,1
S0391,Group C,91.1,91.8,69.2,6.02,16.0,4,4.3,0
S0392,Group A,85.4,76.9,61.4,8.12,16.7,4,11.2,0
S0393,Group A,83.3,73.5,57.9,5.52,14.6,7,9.6,1
S0394,Group B,81.2,80.1,62.1,8.35,12.9,2,7.2,0
S0395,Group A,73.0,66.3,63.8,5.95,15.6,4,11.1,1
S0396,Group C,78.6,100.0,89.7,6.28,19.2,3,14.5,0
S0397,Group C,61.7,55.5,42.2,5.32,12.4,6,12.0,1
S0398,Group A,80.8,80.6,54.4,6.62,13.3,4,13.5,1
S0399,Group B,70.1,100.0,84.4,8.62,24.8,5,21.1,0
S0400,Group B,68.8,78.1,68.6,8.0,19.1,6,10.3,1
S0401,Group A,84.2,75.3,75.5,8.62,18.9,2,13.4,0
S0402,Group C,98.7,73.0,67.1,8.0,14.8,2,9.5,0
S0403,Group B,93.0,75.5,61.4,5.81,10.9,3,7.8,0
S0404,Group C,63.2,97.2,73.1,6.85,25.0,12,9.1,0
S0405,Group A,70.1,47.0,60.4,6.25,11.3,2,9.6,1
S0406,Group C,93.3,99.5,69.7,9.1,17.7,5,13.8,0
S0407,Group A,70.2,58.1,60.8,5.68,14.5,8,23.7,1
S0408,Group A,79.3,74.3,70.7,8.51,19.4,3,8.4,0
S0409,Group C,88.6,72.0,63.3,8.51,15.4,3,9.9,0
S0410,Group A,70.4,86.2,91.7,9.77,21.6,4,11.7,0
S0411,Group A,83.3,55.6,56.4,6.75,16.1,4,14.0,1
S0412,Group C,66.0,84.5,72.8,8.26,14.3,3,13.3,0
S0413,Group C,74.8,100.0,92.9,10.0,18.0,3,18.4,0
S0414,Group B,85.8,58.9,49.5,6.47,16.3,1,2.0,1
S0415,Group B,62.9,80.7,39.9,5.23,8.8,8,2.0,1
S0416,Group A,87.3,68.7,54.4,4.76,14.5,4,9.5,1
S0417,Group A,81.8,84.0,86.3,8.26,13.1,8,17.5,0
S0418,Group A,88.6,78.3,55.0,4.76,15.1,2,4.2,1
S0419,Group B,84.7,69.0,51.8,6.8,14.1,1,2.0,0
S0420,Group B,98.4,84.8,85.4,7.89,16.5,3,14.9,0
S0421,Group B,83.5,100.0,76.3,7.55,18.3,3,13.2,0
S0422,Group B,76.8,75.3,61.8,7.87,12.8,4,6.5,1
S0423,Group A,83.5,88.1,72.1,7.6,25.0,6,7.1,0
S0424,Group B,88.5,59.9,72.3,9.03,19.2,5,7.2,0
S0425,Group A,82.6,64.6,80.5,6.01,10.9,4,12.6,1
S0426,Group B,82.5,84.6,73.7,6.39,22.3,2,8.9,0
S0427,Group A,73.6,98.8,83.3,6.26,18.6,5,14.5,1
S0428,Group C,74.0,83.0,62.7,8.42,17.7,8,2.0,0
S0429,Group A,65.2,73.6,58.0,8.52,15.6,7,7.7,1
S0430,Group A,100.0,78.0,70.8,7.91,14.5,2,6.4,0
S0431,Group A,67.1,60.5,65.9,8.9,16.6,8,10.7,1
S0432,Group B,73.7,86.5,56.0,5.71,18.2,5,9.3,1
S0433,Group B,73.4,90.4,80.5,9.55,17.0,7,16.0,0
S0434,Group A,92.7,71.7,72.1,9.36,11.6,3,2.7,0
S0435,Group A,78.5,71.4,72.7,8.29,12.7,3,12.2,0
S0436,Group B,97.0,81.7,86.2,9.71,12.2,5,14.8,0
S0437,Group A,73.9,71.9,68.0,5.06,15.5,5,21.3,1
S0438,Group C,85.3,77.1,61.9,6.59,12.7,6,9.6,1
S0439,Group B,72.0,100.0,69.7,6.31,19.2,5,13.6,1
S0440,Group A,100.0,74.5,58.3,8.27,20.0,8,3.0,0
S0441,Group A,67.7,73.0,69.0,5.88,19.3,6,2.0,1
S0442,Group C,85.7,68.9,72.9,8.32,14.9,3,16.2,0
S0443,Group A,89.6,88.4,78.0,9.15,17.9,0,12.0,0
S0444,Group A,87.0,75.5,68.7,8.24,21.7,2,17.9,0
S0445,Group C,79.8,68.9,86.0,7.68,16.6,3,5.1,0
S0446,Group C,80.4,96.5,64.9,5.97,18.5,0,14.6,0
S0447,Group C,82.5,97.9,75.9,6.16,15.4,4,21.3,0
S0448,Group B,80.2,69.6,76.1,8.99,16.3,5,14.1,0
S0449,Group A,93.6,51.9,71.0,8.35,14.8,1,13.4,0
S0450,Group A,100.0,92.1,84.7,7.25,16.8,3,12.0,0
S0451,Group B,75.3,68.4,72.7,6.74,15.8,8,4.1,0
S0452,Group B,65.6,89.1,71.3,4.57,17.2,4,18.8,1
S0453,Group A,80.9,50.4,44.9,5.85,11.5,4,8.9,1
S0454,Group C,100.0,90.5,83.9,9.88,11.0,4,14.5,0
S0455,Group A,72.4,61.0,54.2,5.57,13.1,2,4.2,1
S0456,Group B,100.0,88.2,89.2,7.56,21.0,2,6.1,0
S0457,Group A,100.0,78.2,70.0,8.66,14.6,3,19.2,0
S0458,Group B,75.4,64.6,67.2,5.61,14.5,4,10.3,1
S0459,Group A,88.8,72.3,75.6,7.55,13.3,4,19.3,0
S0460,Group A,100.0,87.6,85.8,8.57,19.1,2,11.6,0
S0461,Group A,77.5,79.5,62.4,7.32,16.1,3,2.8,0
S0462,Group B,79.6,86.2,76.3,10.0,15.0,6,16.5,0
S0463,Group B,75.0,100.0,73.4,5.05,24.0,5,9.1,0
S0464,Group B,69.8,56.1,71.9,8.73,15.8,4,15.5,1
S0465,Group C,74.2,100.0,83.2,7.07,18.2,6,12.1,0
S0466,Group A,67.3,79.5,65.7,8.34,18.2,6,4.3,0
S0467,Group A,82.4,65.4,62.7,7.9,16.1,0,12.8,0
S0468,Group C,72.8,59.4,53.5,6.31,15.4,8,23.0,1
S0469,Group A,84.8,75.4,78.1,7.61,11.0,1,14.5,0
S0470,Group C,63.3,90.9,66.9,4.79,21.6,2,11.7,0
S0471,Group A,86.0,76.2,67.8,8.11,14.5,3,17.4,0
S0472,Group C,92.0,99.2,76.0,7.7,18.8,1,13.1,0
S0473,Group A,58.1,57.7,58.4,8.16,21.1,6,13.0,1
S0474,Group C,86.5,77.8,58.9,8.73,17.4,3,6.5,0
S0475,Group B,96.7,60.5,61.3,7.8,12.5,4,13.2,1
S0476,Group C,67.5,83.1,64.1,7.5,10.7,6,17.2,0
S0477,Group A,100.0,90.4,66.9,6.11,22.6,2,7.8,0
S0478,Group B,87.0,72.1,64.1,6.34,11.5,4,19.1,0
S0479,Group C,73.5,41.5,47.0,8.9,7.6,5,11.5,1
S0480,Group B,81.3,80.8,89.4,9.24,15.9,6,7.6,0
S0481,Group B,88.7,84.1,85.0,6.98,21.7,4,17.0,0
S0482,Group B,82.9,83.7,64.6,7.36,19.7,4,10.6,0
S0483,Group B,88.5,95.3,77.6,6.08,18.8,4,15.8,0
S0484,Group B,71.0,63.0,69.7,8.88,15.0,7,10.5,1
S0485,Group B,84.0,87.5,85.2,8.2,16.2,3,11.7,0
S0486,Group C,65.0,94.7,75.8,9.92,19.6,5,14.5,1
S0487,Group A,80.7,53.1,66.7,6.11,12.7,4,13.5,0
S0488,Group A,71.2,82.5,56.9,6.79,20.1,3,2.0,1
S0489,Group C,73.2,70.9,52.2,7.61,18.3,4,6.4,1
S0490,Group C,96.8,76.9,82.8,8.17,17.8,2,16.6,0
S0491,Group B,95.1,82.9,82.2,7.01,16.2,1,11.3,0
S0492,Group B,89.3,71.2,83.6,6.12,17.6,3,9.4,0
S0493,Group A,68.9,68.5,53.7,8.49,14.7,2,5.2,1
S0494,Group A,78.2,78.5,74.0,8.27,13.3,6,6.6,0
S0495,Group B,96.6,62.8,52.7,6.06,12.8,3,2.0,1
S0496,Group A,83.7,62.8,75.9,9.13,14.3,0,11.5,0
S0497,Group B,100.0,87.5,66.5,8.88,20.7,1,9.0,0
S0498,Group A,86.7,61.9,51.8,7.48,13.4,3,7.2,0
S0499,Group C,84.3,87.3,67.0,7.41,14.3,5,11.7,0
S0500,Group C,78.3,84.5,75.3,8.05,17.7,2,13.8,0
S0501,Group B,83.6,53.8,59.6,6.14,13.0,6,22.5,1
S0502,Group B,80.2,68.5,66.3,7.34,15.5,4,4.4,0
S0503,Group A,90.5,94.7,80.0,4.39,21.9,0,17.8,0
S0504,Group C,93.5,64.3,78.0,8.48,17.3,0,16.9,0
S0505,Group B,72.6,71.5,69.8,5.19,13.7,6,8.1,1
S0506,Group A,66.0,84.5,79.5,9.33,15.7,6,13.0,1
S0507,Group C,60.0,89.0,57.4,6.85,15.1,11,9.7,1
S0508,Group C,88.1,74.5,79.9,7.01,18.0,3,12.9,0
S0509,Group C,68.8,69.6,62.2,6.45,19.5,9,19.5,1
S0510,Group B,56.2,97.9,80.7,6.91,18.7,6,15.0,0
S0511,Group B,86.7,100.0,97.9,9.22,19.3,2,14.5,0
S0512,Group A,100.0,91.7,69.1,3.94,23.1,5,9.8,0
S0513,Group C,81.9,79.2,58.2,9.02,18.2,5,4.6,1
S0514,Group C,92.1,66.7,60.4,7.76,16.0,2,11.0,0
S0515,Group A,83.0,66.4,75.3,5.67,11.0,8,18.0,0
S0516,Group A,80.8,85.3,61.1,5.85,19.7,7,4.4,1
S0517,Group A,93.0,83.9,77.1,9.56,14.6,4,6.7,0
S0518,Group C,78.5,97.6,78.5,6.02,16.2,2,12.6,0
S0519,Group C,85.2,87.1,70.8,5.74,16.9,1,7.1,0
S0520,Group A,85.9,57.0,66.9,8.84,11.4,6,8.0,0
S0521,Group B,74.0,92.7,71.7,7.76,18.2,7,9.9,0
S0522,Group A,93.9,64.0,55.5,6.03,9.9,2,5.2,0
S0523,Group C,79.9,72.6,71.8,7.59,18.5,1,7.1,0
S0524,Group C,72.9,81.5,72.0,5.92,20.4,9,15.5,1
S0525,Group C,88.4,100.0,76.2,8.79,14.2,2,5.5,0
S0526,Group B,71.2,100.0,83.2,8.73,22.9,1,4.0,0
S0527,Group A,82.3,86.5,71.5,8.02,15.4,4,8.8,0
S0528,Group A,81.9,75.4,65.7,7.79,18.6,1,15.7,0
S0529,Group A,95.0,85.5,74.5,9.68,17.5,2,11.0,0
S0530,Group C,87.7,90.4,65.3,7.3,18.6,1,9.7,0
S0531,Group C,81.7,73.5,61.1,5.7,15.2,6,12.2,1
S0532,Group C,91.8,100.0,84.5,7.91,23.6,6,3.3,0
S0533,Group C,98.7,81.2,76.4,10.0,13.3,2,14.5,0
S0534,Group B,88.7,85.0,71.6,5.93,19.4,7,13.9,0
S0535,Group B,82.1,87.3,64.7,6.81,21.3,4,10.0,0
S0536,Group C,66.3,83.9,72.2,7.86,19.6,3,17.0,0
S0537,Group C,69.2,89.7,55.6,7.23,25.0,8,6.4,1
S0538,Group A,78.3,69.4,63.9,5.97,13.5,2,17.6,0
S0539,Group B,74.7,70.2,69.2,8.81,18.1,7,12.8,0
S0540,Group A,79.8,62.6,75.1,10.0,13.7,4,10.3,0
S0541,Group C,82.7,84.2,74.3,7.56,21.2,6,11.9,0
S0542,Group B,88.4,88.9,60.7,6.08,18.2,5,11.5,1
S0543,Group A,81.2,84.4,78.1,5.21,16.3,6,18.1,0
S0544,Group B,87.8,100.0,77.2,7.65,23.9,3,6.6,0
S0545,Group B,82.8,77.9,73.1,8.79,15.0,4,8.2,0
S0546,Group A,58.3,87.4,74.5,7.94,13.7,8,17.2,0
S0547,Group A,70.7,62.7,56.3,7.3,12.5,6,9.0,1
S0548,Group B,80.3,72.6,69.7,6.5,17.5,5,16.5,0
S0549,Group B,67.5,87.7,75.8,5.83,22.2,5,20.5,1
S0550,Group B,89.2,89.9,62.8,8.43,18.7,3,10.0,0
S0551,Group B,100.0,73.9,72.4,8.53,19.8,2,15.4,0
S0552,Group C,96.6,77.0,59.2,5.21,12.2,5,6.2,1
S0553,Group B,79.4,56.7,72.7,9.45,11.8,1,15.8,0
S0554,Group B,99.9,73.0,83.0,8.07,14.8,1,13.0,0
S0555,Group C,83.8,90.5,75.2,9.19,18.1,2,14.4,0
S0556,Group A,78.0,86.1,60.1,5.49,18.0,4,8.8,1
S0557,Group A,74.6,85.0,55.7,5.46,19.7,4,3.7,1
S0558,Group A,78.4,78.7,63.9,7.1,15.3,7,14.5,0
S0559,Group B,77.3,78.1,61.4,7.98,16.9,5,2.0,1
S0560,Group B,84.0,68.8,79.0,9.73,14.9,3,10.4,0
S0561,Group B,83.9,87.8,70.8,8.25,15.3,4,16.7,0
S0562,Group A,82.0,83.9,74.6,6.97,17.1,8,13.0,0
S0563,Group A,87.2,84.9,61.4,5.91,17.2,3,21.7,0
S0564,Group A,96.3,70.6,73.0,8.96,14.8,2,17.1,0
S0565,Group A,93.4,47.9,51.9,6.0,11.8,5,8.7,1
S0566,Group B,64.2,93.4,92.3,9.5,19.2,3,12.1,0
S0567,Group A,51.4,71.3,59.0,6.92,14.1,7,11.8,1
S0568,Group A,93.2,65.9,50.5,9.45,18.4,1,4.1,0
S0569,Group C,65.6,87.7,54.1,8.22,14.5,7,7.3,1
S0570,Group A,79.3,72.5,65.0,7.12,13.4,3,9.2,0
S0571,Group B,68.0,92.8,68.7,6.6,25.0,4,2.0,0
S0572,Group B,60.4,86.6,71.1,6.84,14.7,3,12.2,0
S0573,Group A,88.5,87.6,76.1,7.88,13.9,2,10.8,0
S0574,Group B,91.1,58.9,68.2,7.4,15.6,1,3.6,0
S0575,Group C,75.1,95.0,69.0,6.5,13.0,6,14.0,0
S0576,Group C,50.9,81.7,75.0,7.08,16.4,6,15.6,0
S0577,Group A,75.4,72.8,54.7,7.41,22.1,5,13.1,0
S0578,Group C,86.7,80.0,54.0,4.43,12.2,4,10.4,1
S0579,Group B,64.3,53.1,47.5,7.92,6.6,6,15.0,1
S0580,Group A,84.2,83.7,67.9,5.98,12.9,5,15.4,0
S0581,Group B,81.8,63.6,60.4,5.74,16.9,3,13.5,1
S0582,Group C,89.0,59.1,55.2,5.02,16.8,3,7.9,1
S0583,Group B,83.4,56.7,56.4,4.88,11.5,5,13.4,1
S0584,Group A,70.3,93.6,64.3,5.47,21.0,7,18.0,1
S0585,Group B,96.4,69.2,62.2,6.34,19.2,3,9.0,0
S0586,Group A,80.1,99.5,79.7,9.94,25.0,5,22.5,0
S0587,Group A,81.7,70.5,73.8,6.59,14.5,5,9.4,0
S0588,Group A,70.8,54.1,57.9,7.54,5.8,4,12.2,1
S0589,Group A,76.7,62.4,58.7,7.84,11.5,5,8.6,1
S0590,Group A,71.4,95.3,87.9,7.48,18.0,5,13.1,0
S0591,Group A,79.9,75.8,52.4,7.2,15.4,5,3.3,1
S0592,Group B,100.0,70.3,53.8,5.69,14.7,1,9.3,1
S0593,Group A,65.5,80.2,61.3,9.26,20.2,2,6.5,0
S0594,Group A,62.6,85.0,76.3,9.74,21.4,8,12.7,1
S0595,Group C,99.7,93.6,77.6,5.03,18.5,3,17.0,0
S0596,Group B,79.5,98.3,80.1,5.92,23.0,1,15.2,0
S0597,Group B,74.0,73.0,79.3,6.92,16.7,7,2.0,0
S0598,Group A,94.5,59.4,49.8,6.0,13.7,5,22.2,1
S0599,Group A,74.7,72.2,74.3,7.98,18.3,5,13.5,0
S0600,Group A,100.0,81.6,63.5,6.32,17.3,2,8.1,0
S0601,Group A,90.1,64.5,69.9,10.0,20.5,0,12.8,0
S0602,Group A,76.1,64.6,64.4,8.91,10.0,4,12.9,0
S0603,Group A,100.0,82.8,65.3,7.59,15.7,3,8.7,0
S0604,Group A,74.7,77.3,86.5,8.69,16.0,3,13.0,0
S0605,Group A,90.9,78.5,80.2,8.79,17.9,2,9.0,0
S0606,Group B,85.6,67.4,62.9,6.54,18.6,2,10.0,0
S0607,Group A,97.6,74.8,75.9,6.2,15.9,3,8.6,0
S0608,Group A,100.0,65.1,51.1,7.41,10.1,3,4.8,0
S0609,Group B,82.4,90.5,67.2,8.46,21.0,4,12.7,0
S0610,Group B,73.0,92.5,58.3,7.49,21.1,6,14.9,1
S0611,Group A,87.5,52.2,51.0,5.17,6.5,4,14.6,1
S0612,Group B,73.9,65.0,64.5,6.22,14.4,6,16.1,1
S0613,Group B,100.0,57.0,66.5,7.2,8.4,3,13.6,0
S0614,Group A,83.6,68.9,65.7,7.2,13.0,2,9.3,0
S0615,Group C,77.6,76.8,67.9,9.96,13.6,6,16.2,0
S0616,Group C,84.2,57.7,59.0,5.43,15.7,3,5.2,1
S0617,Group A,65.8,65.1,63.5,7.98,14.8,4,7.5,1
S0618,Group A,70.3,63.9,71.5,9.31,10.4,6,7.2,1
S0619,Group C,96.4,80.9,69.2,10.0,19.6,4,17.4,0
S0620,Group B,74.1,79.0,72.7,6.75,12.3,6,16.7,0
S0621,Group A,69.4,67.9,58.2,7.96,15.9,9,14.4,1
S0622,Group A,88.4,80.5,74.0,8.07,14.4,4,17.4,0
S0623,Group A,96.2,70.3,71.1,7.56,14.2,3,7.6,0
S0624,Group B,90.6,74.2,71.0,7.17,17.4,1,13.7,0
S0625,Group B,94.0,100.0,73.5,7.89,21.6,1,11.4,0
S0626,Group A,72.9,96.8,67.3,3.88,23.5,3,16.2,1
S0627,Group B,64.9,59.8,50.7,8.22,13.3,7,11.4,1
S0628,Group B,100.0,89.6,84.7,7.47,19.3,3,10.1,0
S0629,Group A,78.1,89.4,72.2,7.0,17.0,2,14.7,0
S0630,Group A,79.0,61.9,83.4,10.0,14.5,7,16.4,1
S0631,Group B,97.9,89.5,66.7,6.39,19.6,1,8.7,0
S0632,Group C,88.7,99.5,72.0,6.76,19.6,4,11.7,0
S0633,Group B,87.5,62.3,63.2,9.99,8.6,4,6.7,0
S0634,Group B,100.0,65.2,64.7,6.18,15.4,0,2.0,0
S0635,Group A,74.3,92.2,66.1,6.56,19.9,5,13.0,0
S0636,Group A,93.1,81.8,79.1,7.1,15.0,2,15.0,0
S0637,Group B,82.7,85.7,73.5,8.43,13.9,3,13.3,0
S0638,Group A,85.2,82.8,50.2,7.58,21.7,1,2.3,0
S0639,Group A,100.0,83.5,63.1,5.55,18.8,0,10.2,0
S0640,Group A,88.1,59.4,45.7,6.58,12.8,2,2.0,0
S0641,Group A,88.5,92.7,78.0,6.48,15.4,6,18.8,0
S0642,Group A,94.9,94.4,63.7,7.2,16.6,3,6.6,0
S0643,Group A,77.6,74.8,81.0,7.87,19.9,6,18.3,0
S0644,Group A,71.9,77.4,71.9,7.86,16.8,2,16.7,0
S0645,Group A,69.5,56.6,48.5,4.9,11.4,4,7.5,1
S0646,Group C,58.4,85.2,74.3,8.74,19.2,12,6.3,1
S0647,Group B,100.0,86.0,84.9,7.64,15.3,1,13.8,0
S0648,Group B,68.8,77.1,69.8,9.17,20.8,3,7.8,0
S0649,Group B,79.3,93.7,70.6,7.9,23.1,4,12.5,0
S0650,Group B,78.7,73.3,56.0,8.79,14.3,4,9.6,1
S0651,Group A,85.7,85.9,63.3,7.93,15.9,2,3.1,0
S0652,Group B,91.8,63.7,59.8,9.12,6.3,5,2.0,1
S0653,Group B,92.3,77.7,74.7,8.01,12.0,4,13.1,0
S0654,Group B,75.0,75.6,62.6,7.17,12.1,2,9.2,0
S0655,Group A,80.0,81.2,82.1,10.0,17.4,5,9.2,0
S0656,Group A,85.4,72.8,69.2,8.5,14.7,4,15.5,0
S0657,Group A,79.0,76.2,74.2,8.07,12.1,2,17.9,0
S0658,Group A,100.0,89.6,79.6,5.58,17.5,2,10.6,0
S0659,Group B,87.9,71.9,64.6,5.56,17.0,3,10.3,0
S0660,Group B,90.8,55.5,65.3,7.7,14.5,2,14.5,0
S0661,Group A,90.0,100.0,69.6,7.5,14.3,2,5.2,0
S0662,Group C,96.1,97.3,71.6,6.47,19.2,2,13.1,0
S0663,Group B,84.2,59.9,59.1,7.49,9.4,6,14.8,1
S0664,Group A,66.4,87.7,74.9,9.44,20.7,6,15.4,1
S0665,Group A,86.8,71.0,70.2,8.24,17.7,1,2.3,0
S0666,Group A,74.2,81.7,60.7,5.76,14.4,4,8.2,1
S0667,Group A,75.7,82.1,55.8,7.15,14.8,7,7.6,0
S0668,Group A,89.0,74.7,80.6,6.21,14.6,3,12.5,0
S0669,Group A,96.9,67.0,70.5,6.78,8.0,1,14.4,0
S0670,Group A,82.3,68.3,58.2,6.74,15.9,0,19.5,0
S0671,Group A,85.7,65.2,58.4,6.66,13.6,0,9.5,0
S0672,Group C,100.0,66.4,62.3,5.61,17.5,0,9.5,0
S0673,Group A,84.9,77.1,86.6,7.13,13.0,1,17.7,0
S0674,Group B,100.0,68.0,58.5,6.54,13.0,2,13.5,1
S0675,Group A,88.8,87.5,74.5,3.5,13.5,3,18.3,0
S0676,Group C,60.9,98.8,93.9,10.0,16.8,11,13.4,1
S0677,Group A,91.0,69.9,63.5,8.77,11.6,4,6.2,0
S0678,Group A,86.6,81.4,63.2,6.79,20.0,2,5.3,0
S0679,Group C,97.5,85.0,60.9,7.33,15.5,1,4.2,0
S0680,Group C,90.1,84.6,68.9,5.72,17.9,3,15.3,0
S0681,Group C,80.3,79.1,80.2,9.59,15.5,2,17.9,0
S0682,Group A,67.3,88.4,90.1,9.86,14.3,4,21.2,1
S0683,Group A,79.5,84.8,83.7,7.51,17.1,3,16.2,0
S0684,Group B,71.8,60.7,63.9,8.68,15.5,8,17.8,1
S0685,Group C,75.0,90.2,55.8,7.54,14.8,2,9.1,0
S0686,Group B,89.1,90.4,65.5,5.5,20.9,5,6.2,0
S0687,Group B,100.0,67.3,72.0,6.74,12.2,2,16.3,0
S0688,Group A,86.7,78.5,74.3,7.48,15.1,1,14.1,0
S0689,Group B,67.6,87.6,66.6,6.69,19.6,7,12.5,0
S0690,Group A,87.3,75.1,70.7,7.0,14.0,6,13.9,0
S0691,Group A,96.4,93.0,89.7,7.18,19.0,5,13.6,0
S0692,Group A,74.7,100.0,83.1,7.19,19.1,4,18.4,0
S0693,Group B,80.4,67.0,66.9,7.37,15.1,1,18.5,0
S0694,Group A,82.2,58.7,56.3,5.87,6.2,8,14.7,1
S0695,Group A,72.6,82.3,68.1,6.33,11.7,5,16.2,0
S0696,Group B,89.8,88.1,83.8,5.57,19.9,2,14.6,0
S0697,Group A,80.5,74.8,69.1,8.62,19.1,4,9.7,0
S0698,Group B,87.0,98.3,71.2,4.46,17.0,2,15.8,0
S0699,Group A,71.4,59.3,57.5,8.86,12.7,4,5.0,1
S0700,Group B,76.8,87.7,90.0,9.17,18.9,4,17.3,0
S0701,Group B,90.7,69.5,78.3,6.89,17.2,4,6.0,0
S0702,Group A,77.5,100.0,70.5,3.79,13.9,10,13.4,1
S0703,Group A,100.0,100.0,76.3,6.81,17.3,1,7.8,0
S0704,Group A,77.2,67.3,66.9,7.21,13.8,3,14.8,0
S0705,Group A,84.7,70.3,43.9,5.94,17.4,0,11.8,0
S0706,Group C,93.2,90.0,73.9,6.6,25.0,3,4.0,0
S0707,Group A,65.0,72.6,73.7,9.37,14.9,3,14.1,0
S0708,Group C,60.9,77.4,70.3,8.2,12.2,4,9.1,0
S0709,Group A,63.7,78.4,60.4,6.05,17.7,6,16.4,1
S0710,Group B,97.2,51.1,52.8,5.14,16.1,3,12.0,1
S0711,Group B,75.4,77.8,65.1,6.86,16.8,6,14.0,0
S0712,Group B,100.0,68.3,72.9,7.01,12.2,4,7.2,0
S0713,Group B,75.2,71.1,63.1,7.97,18.2,4,9.1,0
S0714,Group A,84.2,98.2,89.9,6.58,21.7,2,9.7,0
S0715,Group A,100.0,60.4,74.4,7.99,10.6,2,16.3,0
S0716,Group C,100.0,89.4,79.4,9.91,19.4,4,20.4,0
S0717,Group C,100.0,74.1,70.4,8.4,18.8,1,8.0,0
S0718,Group C,96.5,74.1,68.5,7.24,19.4,1,17.4,0
S0719,Group A,94.3,89.1,50.3,7.05,18.1,2,2.0,0
S0720,Group B,89.1,82.8,79.6,6.82,16.2,3,6.0,0
S0721,Group C,91.3,86.0,80.9,8.89,21.4,2,7.2,0
S0722,Group A,75.4,91.6,70.5,6.45,15.0,1,5.2,0
S0723,Group A,72.2,73.4,62.6,7.36,17.1,5,4.1,1
S0724,Group B,82.0,69.4,57.0,7.37,11.0,6,14.1,1
S0725,Group B,80.0,62.8,57.3,6.62,17.2,7,10.9,1
S0726,Group C,76.6,66.4,67.1,5.45,13.9,2,13.9,0
S0727,Group A,90.4,100.0,73.7,7.74,23.8,5,15.5,0
S0728,Group B,93.5,95.4,57.7,7.22,20.7,3,13.3,0
S0729,Group A,83.1,59.1,65.4,7.98,9.8,6,15.3,1
S0730,Group A,99.7,59.5,62.2,6.58,17.8,2,11.7,0
S0731,Group A,68.3,84.7,71.9,8.95,22.2,6,6.1,1
S0732,Group C,79.7,85.7,77.6,6.12,20.4,4,17.3,0
S0733,Group B,73.4,85.7,81.0,9.61,15.4,6,9.1,0
S0734,Group B,59.6,74.4,56.8,4.94,15.0,12,7.3,1
S0735,Group A,81.0,76.2,79.5,7.89,16.6,4,11.1,0
S0736,Group C,80.5,82.6,57.6,7.94,15.1,1,7.4,0
S0737,Group A,100.0,79.2,72.0,6.23,21.7,3,9.9,0
S0738,Group C,89.6,46.9,67.6,7.87,11.9,1,13.7,0
S0739,Group A,69.7,74.8,63.0,9.03,7.9,6,13.7,0
S0740,Group A,100.0,66.1,44.0,4.31,15.6,1,7.5,1
S0741,Group B,96.7,80.5,67.0,7.98,15.8,2,9.6,0
S0742,Group A,89.0,100.0,66.4,3.93,19.8,5,17.4,0
S0743,Group B,79.3,83.1,74.7,6.0,16.2,6,14.5,0
S0744,Group B,70.5,73.6,74.8,9.5,18.2,5,22.4,1
S0745,Group A,77.5,90.9,68.1,6.51,21.9,8,17.9,0
S0746,Group C,95.1,84.8,68.0,5.72,18.4,4,17.7,1
S0747,Group A,100.0,83.9,77.8,7.03,16.4,2,5.1,0
S0748,Group B,100.0,86.5,85.9,10.0,17.7,0,15.8,0
S0749,Group C,76.1,100.0,67.3,4.83,20.1,4,11.7,1
S0750,Group B,68.6,62.2,55.0,5.88,11.5,7,9.2,1
S0751,Group A,83.7,84.6,89.0,9.32,19.3,0,12.8,0
S0752,Group C,60.8,65.0,66.5,9.81,15.8,4,16.7,0
S0753,Group B,85.9,85.8,84.6,7.16,22.3,3,14.5,0
S0754,Group A,80.2,65.1,58.5,5.63,18.2,2,7.6,1
S0755,Group A,76.4,72.2,75.9,10.0,13.5,4,15.7,0
S0756,Group B,62.9,73.9,89.5,9.45,18.3,7,8.8,0
S0757,Group B,88.2,91.7,70.2,8.22,15.8,3,13.1,0
S0758,Group B,75.6,90.9,65.9,6.2,20.6,3,10.5,0
S0759,Group C,68.0,60.6,50.5,7.23,12.1,6,10.9,1
S0760,Group B,50.0,78.8,74.5,7.08,13.5,9,15.8,1
S0761,Group A,81.7,68.1,77.4,7.75,15.7,4,6.8,0
S0762,Group A,100.0,60.4,91.8,9.26,5.6,1,21.7,0
S0763,Group A,100.0,75.0,78.4,8.49,10.7,0,2.9,0
S0764,Group B,76.5,73.7,59.2,5.85,15.3,8,9.0,1
S0765,Group A,74.8,100.0,80.0,9.16,20.2,4,13.9,0
S0766,Group B,87.6,84.1,62.3,7.72,16.3,1,14.9,0
S0767,Group B,70.0,58.7,79.7,8.23,8.7,5,11.5,1
S0768,Group C,85.6,70.1,76.8,9.28,12.8,4,11.7,0
S0769,Group A,91.2,92.3,68.8,5.8,19.9,5,14.1,0
S0770,Group C,96.7,100.0,89.1,7.25,21.7,2,10.8,0
S0771,Group A,80.8,55.8,56.3,6.58,12.9,3,19.0,1
S0772,Group C,79.6,51.7,59.6,5.18,15.7,1,16.2,1
S0773,Group A,71.5,100.0,78.6,7.77,21.2,8,16.4,1
S0774,Group A,72.1,83.5,79.9,10.0,15.1,6,7.2,1
S0775,Group B,79.3,65.8,56.6,4.82,13.7,2,11.6,1
S0776,Group A,86.4,85.5,60.0,7.26,13.5,2,10.5,0
S0777,Group A,93.0,41.1,58.1,8.16,10.3,2,7.0,0
S0778,Group B,72.4,78.0,78.2,7.47,19.8,7,13.8,1
S0779,Group B,99.9,82.6,71.3,7.15,19.3,2,9.3,0
S0780,Group B,78.7,90.9,76.7,5.55,22.8,4,15.3,1
S0781,Group B,81.7,63.8,53.5,7.61,13.3,0,6.6,1
S0782,Group B,73.0,79.2,71.0,6.28,20.7,7,20.6,1
S0783,Group A,52.9,65.0,43.7,4.34,13.8,7,7.5,1
S0784,Group A,92.6,81.6,83.9,8.91,21.5,3,13.1,0
S0785,Group A,90.8,65.5,73.2,8.59,14.4,3,16.0,0
S0786,Group C,78.6,72.3,70.8,7.37,17.7,3,9.1,0
S0787,Group B,82.8,64.1,77.2,7.61,18.7,0,16.3,0
S0788,Group A,88.2,87.1,79.4,8.75,17.4,4,5.9,0
S0789,Group B,63.2,90.0,78.8,7.6,19.1,5,19.3,0
S0790,Group C,75.7,74.7,63.1,8.52,19.8,6,12.1,0
S0791,Group A,91.5,78.5,67.9,6.9,16.2,3,9.0,0
S0792,Group B,66.9,57.7,60.2,9.07,9.3,5,10.5,1
S0793,Group B,85.5,73.8,69.8,7.73,22.2,2,16.0,0
S0794,Group B,65.7,77.3,62.7,7.56,15.0,6,9.1,1
S0795,Group A,87.6,100.0,62.6,5.59,20.5,4,8.3,1
S0796,Group C,81.6,62.4,48.8,7.69,17.5,2,10.9,1
S0797,Group C,62.6,98.5,61.1,6.18,17.9,5,6.1,1
S0798,Group B,96.0,92.0,81.5,6.44,15.7,2,21.1,0
S0799,Group B,73.2,81.9,53.6,6.2,17.9,6,9.2,1
S0800,Group C,72.3,100.0,74.3,5.86,14.6,6,16.2,0
S0801,Group B,84.4,83.2,95.7,10.0,16.4,7,13.0,0
S0802,Group A,95.8,83.4,83.8,9.1,18.1,2,7.1,0
S0803,Group B,69.8,77.3,88.3,9.89,15.6,6,12.0,0
S0804,Group B,82.7,95.1,76.4,5.65,14.6,1,15.9,0
S0805,Group A,87.1,93.4,84.6,7.4,23.7,6,11.1,0
S0806,Group B,90.3,69.2,60.6,5.55,15.4,1,18.0,1
S0807,Group C,84.1,59.5,58.8,6.36,17.8,5,17.1,1
S0808,Group C,77.6,75.2,45.3,6.06,15.2,6,16.6,0
S0809,Group B,72.1,66.8,77.1,8.97,12.0,4,9.7,0
S0810,Group A,83.0,77.1,76.5,6.77,17.1,4,6.6,0
S0811,Group C,69.1,95.3,71.5,8.74,18.6,5,8.9,0
S0812,Group C,50.0,71.6,63.5,8.12,11.9,8,13.0,0
S0813,Group A,87.2,77.4,74.0,10.0,20.8,1,14.7,0
S0814,Group C,92.8,78.8,61.8,5.3,14.7,2,2.0,0
S0815,Group C,53.6,89.9,83.5,9.0,12.9,7,12.0,0
S0816,Group B,69.9,46.5,47.9,8.85,15.4,7,12.8,1
S0817,Group B,89.4,69.5,66.0,5.99,13.6,2,10.6,0
S0818,Group A,100.0,81.0,79.4,8.66,15.1,0,18.5,0
S0819,Group A,82.2,94.8,79.1,7.75,13.9,3,14.1,0
S0820,Group A,73.3,71.1,72.9,6.99,20.6,3,18.6,0
S0821,Group C,79.8,51.7,54.4,6.19,8.4,4,10.9,1
S0822,Group A,98.5,86.7,74.4,6.33,18.0,1,16.7,0
S0823,Group A,74.2,69.1,77.1,10.0,17.8,6,20.2,0
S0824,Group A,72.4,61.3,74.4,7.3,15.1,6,18.6,1
S0825,Group B,76.2,69.3,68.4,8.36,14.9,6,6.5,0
S0826,Group C,70.6,75.4,64.6,6.23,11.0,4,10.7,1
S0827,Group A,83.5,69.5,52.3,6.25,12.7,3,10.3,0
S0828,Group A,100.0,47.1,64.4,8.76,12.1,1,14.4,0
S0829,Group B,85.9,90.6,78.5,5.48,16.1,0,15.4,0
S0830,Group B,79.0,95.8,71.1,6.74,19.9,3,7.8,0
S0831,Group A,78.5,87.1,77.8,7.35,20.0,2,12.3,0
S0832,Group B,63.2,62.1,69.0,7.45,16.8,5,2.0,1
S0833,Group A,92.6,75.2,82.5,7.06,12.4,3,19.2,0
S0834,Group A,81.1,77.9,70.0,7.83,23.1,5,9.4,0
S0835,Group B,79.8,86.4,71.0,8.24,20.1,3,12.3,0
S0836,Group A,100.0,87.4,57.0,8.29,18.0,4,10.5,1
S0837,Group C,85.6,67.7,64.9,5.97,18.1,6,17.7,0
S0838,Group A,73.0,79.1,58.1,6.92,23.8,2,2.0,1
S0839,Group B,76.9,84.4,78.9,8.91,13.2,3,11.9,0
S0840,Group B,95.8,98.4,80.7,8.51,19.1,2,11.5,0
S0841,Group A,83.4,87.9,63.5,5.45,10.9,2,9.7,0
S0842,Group B,64.7,89.0,63.7,7.77,18.8,8,20.6,0
S0843,Group A,93.0,79.2,53.1,4.63,17.8,4,7.6,1
S0844,Group C,74.0,97.7,81.8,7.36,19.5,1,15.9,0
S0845,Group A,100.0,83.7,96.8,9.86,15.4,3,13.8,0
S0846,Group A,95.0,65.9,66.8,6.02,8.4,2,18.3,0
S0847,Group A,76.6,97.6,72.6,6.17,20.7,8,8.7,0
S0848,Group C,97.4,87.8,83.5,8.33,22.4,1,8.3,0
S0849,Group B,82.8,71.8,58.4,5.22,13.7,3,17.5,1
S0850,Group B,92.2,71.3,70.5,6.45,16.7,3,14.1,0
S0851,Group A,87.8,82.2,63.2,8.11,12.4,3,4.3,0
S0852,Group B,71.8,84.5,72.8,6.44,18.9,5,9.3,1
S0853,Group A,74.3,80.8,70.9,6.98,15.7,3,13.9,0
S0854,Group C,94.4,82.4,81.1,8.3,14.9,4,16.2,0
S0855,Group A,78.0,100.0,69.8,7.87,17.7,5,8.6,0
S0856,Group A,77.2,93.0,74.1,7.66,17.7,4,2.0,0
S0857,Group A,70.5,80.7,85.8,6.84,18.1,4,14.6,1
S0858,Group B,87.1,91.2,64.2,7.8,14.7,0,5.9,0
S0859,Group B,100.0,63.5,57.3,7.13,13.0,2,2.0,1
S0860,Group A,69.2,83.6,66.6,7.92,17.2,8,2.0,1
S0861,Group B,82.3,100.0,84.2,6.63,16.7,1,16.1,0
S0862,Group B,98.9,74.9,66.2,7.05,21.4,1,12.6,0
S0863,Group B,81.0,66.1,37.8,5.96,12.0,5,10.9,1
S0864,Group A,87.4,68.9,82.5,7.25,13.0,4,18.9,0
S0865,Group A,69.3,62.7,67.2,6.21,11.1,8,15.2,1
S0866,Group B,87.1,67.0,53.4,5.8,20.1,5,20.1,1
S0867,Group A,79.8,72.8,58.9,7.65,17.3,4,5.0,0
S0868,Group A,93.8,58.3,77.7,7.59,10.5,3,11.8,0
S0869,Group C,96.2,78.2,81.1,8.36,19.8,1,3.9,0
S0870,Group C,100.0,90.6,81.6,6.72,19.1,1,10.9,0
S0871,Group A,89.0,65.3,65.5,7.85,15.2,2,10.8,0
S0872,Group A,85.9,99.3,82.5,8.04,18.8,3,15.1,0
S0873,Group B,84.3,85.2,73.3,7.9,15.4,4,12.2,0
S0874,Group A,77.8,92.4,81.7,6.19,19.8,6,15.1,0
S0875,Group A,86.1,68.8,62.8,7.5,13.4,2,15.5,0
S0876,Group A,78.5,90.0,75.4,7.79,23.8,7,22.8,0
S0877,Group B,84.0,62.7,71.5,7.31,10.2,3,10.4,0
S0878,Group B,97.8,90.5,64.3,4.48,23.1,2,7.3,0
S0879,Group A,69.9,80.4,81.0,7.52,16.5,1,13.2,0
S0880,Group A,95.7,85.7,74.3,10.0,18.6,1,8.0,0
S0881,Group A,97.8,61.5,69.2,6.81,16.3,4,19.4,0
S0882,Group B,80.6,65.5,53.6,6.32,12.6,3,10.6,1
S0883,Group A,56.5,86.4,68.3,7.8,20.4,9,9.2,1
S0884,Group A,74.7,64.7,51.6,7.72,6.2,5,9.6,1
S0885,Group B,97.6,84.5,77.4,8.91,15.4,3,15.6,0
S0886,Group A,81.7,58.9,45.6,5.6,10.6,3,11.2,1
S0887,Group B,70.0,89.9,78.2,8.29,14.6,5,8.8,0
S0888,Group A,75.9,60.7,76.2,8.1,13.1,8,20.3,0
S0889,Group A,92.1,85.7,56.4,7.11,18.9,1,7.7,0
S0890,Group A,88.6,86.8,85.7,7.76,20.0,4,12.2,0
S0891,Group B,79.1,68.2,92.0,8.69,15.6,4,15.3,0
S0892,Group C,77.6,86.1,70.2,8.48,15.8,0,3.8,0
S0893,Group C,77.3,81.6,61.9,5.76,18.2,5,14.4,1
S0894,Group A,70.9,70.5,87.6,8.41,15.6,5,6.7,0
S0895,Group B,100.0,63.9,59.2,7.21,17.0,0,16.1,1
S0896,Group A,78.1,50.5,56.6,7.4,14.4,2,7.2,1
S0897,Group A,96.6,82.9,77.4,7.4,17.4,1,15.5,0
S0898,Group C,100.0,56.1,78.4,7.1,10.3,1,17.5,0
S0899,Group A,94.0,79.3,82.3,8.91,14.7,3,16.3,0
S0900,Group A,76.8,74.3,63.9,7.19,14.2,4,13.3,0
S0901,Group A,86.8,87.5,60.6,5.79,17.1,4,10.8,1
S0902,Group A,81.7,73.8,61.7,6.77,16.6,5,9.1,0
S0903,Group A,71.2,73.4,63.8,7.54,17.9,5,19.4,0
S0904,Group B,85.9,88.2,76.7,8.96,18.0,5,8.5,0
S0905,Group A,67.9,82.7,63.5,8.11,17.3,6,6.8,0
S0906,Group C,96.3,82.4,60.0,6.15,17.6,5,15.3,0
S0907,Group C,76.4,84.6,86.5,10.0,16.0,5,8.0,0
S0908,Group A,84.4,56.5,56.3,7.66,10.3,5,7.2,1
S0909,Group A,85.4,88.6,63.9,9.02,12.9,3,4.8,0
S0910,Group A,78.9,86.6,68.5,7.1,15.8,3,9.6,0
S0911,Group B,89.0,63.8,68.0,8.02,15.6,2,11.6,0
S0912,Group A,76.3,74.6,57.7,8.43,13.8,10,13.2,1
S0913,Group B,92.5,77.4,81.6,8.94,15.7,4,16.8,0
S0914,Group A,65.8,76.1,64.1,8.73,17.6,7,14.6,1
S0915,Group B,83.5,82.7,87.9,8.48,18.8,6,11.0,0
S0916,Group A,100.0,98.0,81.5,6.87,16.4,3,11.0,0
S0917,Group A,70.0,93.1,69.2,6.53,21.9,4,14.6,1
S0918,Group C,73.9,59.6,61.5,7.75,16.9,4,18.4,1
S0919,Group B,88.2,86.7,76.8,8.56,14.5,2,12.6,0
S0920,Group A,84.2,96.6,78.8,7.0,17.0,7,9.7,0
S0921,Group C,86.2,83.4,72.8,8.74,20.9,1,7.0,0
S0922,Group B,87.9,93.3,75.1,9.26,18.5,0,4.8,0
S0923,Group C,89.6,100.0,77.3,6.06,13.3,2,15.3,0
S0924,Group B,95.3,92.3,70.2,6.17,14.6,2,14.9,0
S0925,Group A,86.9,81.5,70.1,7.11,16.3,5,14.9,0
S0926,Group A,79.1,92.6,58.3,7.72,15.3,3,11.4,0
S0927,Group A,90.1,80.0,81.8,6.59,15.6,2,19.0,0
S0928,Group B,100.0,78.3,78.6,9.13,16.6,1,9.6,0
S0929,Group B,80.4,73.1,66.3,7.87,20.1,4,16.8,0
S0930,Group A,70.3,99.9,90.6,7.35,19.1,3,11.8,0
S0931,Group A,95.3,66.5,60.3,5.36,17.9,0,9.0,0
S0932,Group C,80.6,99.5,65.1,5.52,24.2,5,15.0,0
S0933,Group C,55.9,85.0,77.4,7.68,21.9,2,14.0,0
S0934,Group B,92.2,58.4,59.9,4.42,14.2,2,13.8,1
S0935,Group A,75.6,83.1,77.9,8.67,11.4,5,12.4,0
S0936,Group A,80.9,48.6,54.9,7.09,13.2,7,11.8,1
S0937,Group A,86.0,86.8,92.8,10.0,21.0,6,23.9,0
S0938,Group C,84.3,90.4,84.1,10.0,18.2,1,17.9,0
S0939,Group A,90.5,69.7,74.0,7.06,20.4,1,15.6,0
S0940,Group B,76.8,79.7,54.0,7.16,19.3,3,12.6,0
S0941,Group A,88.2,100.0,82.0,8.64,21.7,1,17.0,0
S0942,Group B,78.9,70.9,89.0,9.6,18.6,8,14.6,0
S0943,Group B,90.9,63.2,53.0,5.09,15.1,4,12.1,1
S0944,Group C,89.4,98.7,64.8,4.89,12.3,4,10.5,0
S0945,Group A,70.8,100.0,69.1,6.46,18.5,2,11.6,0
S0946,Group A,95.0,78.1,57.4,8.09,20.1,3,2.0,0
S0947,Group A,75.6,92.2,58.5,7.97,16.3,7,13.1,1
S0948,Group C,91.7,96.8,78.4,8.74,18.8,3,9.6,0
S0949,Group C,86.4,67.6,68.1,5.68,11.7,7,20.0,0
S0950,Group B,100.0,71.2,60.1,4.17,20.7,2,12.1,1
S0951,Group B,79.3,95.2,73.5,8.46,24.3,0,6.1,0
S0952,Group B,77.8,100.0,73.4,6.18,17.3,5,11.8,0
S0953,Group A,81.8,85.9,68.7,4.58,18.2,1,6.8,0
S0954,Group C,78.4,65.7,65.3,7.5,12.5,3,14.4,0
S0955,Group A,91.6,100.0,78.2,8.37,21.8,2,13.5,0
S0956,Group A,62.6,70.6,64.4,7.14,16.8,8,16.8,0
S0957,Group B,69.4,73.3,66.1,6.68,18.2,3,8.0,0
S0958,Group A,69.2,82.8,80.0,7.08,18.2,7,12.2,0
S0959,Group A,93.4,99.8,67.7,6.8,25.0,0,5.2,0
S0960,Group B,100.0,90.0,74.1,5.48,15.3,1,15.5,0
S0961,Group A,80.7,83.8,72.9,6.34,12.3,1,14.6,0
S0962,Group B,80.0,84.5,67.3,8.0,16.3,4,14.5,0
S0963,Group A,82.8,78.6,71.3,7.73,11.9,5,12.0,0
S0964,Group A,95.9,85.8,64.7,7.53,13.3,1,14.1,0
S0965,Group A,70.9,42.6,42.6,5.96,7.8,4,20.0,1
S0966,Group A,84.9,73.8,69.7,7.05,13.0,6,10.6,0
S0967,Group B,93.7,81.4,61.0,4.36,14.2,0,12.7,1
S0968,Group A,88.0,61.9,63.5,7.54,15.5,2,6.6,0
S0969,Group B,84.3,83.4,74.5,9.23,15.8,1,7.7,0
S0970,Group B,94.0,75.1,56.8,5.31,15.5,2,12.5,1
S0971,Group B,50.0,100.0,73.3,6.51,22.7,4,17.5,0
S0972,Group C,90.1,100.0,69.0,7.74,17.7,2,10.7,0
S0973,Group B,74.2,71.5,81.5,8.99,14.6,6,10.8,0
S0974,Group A,60.0,75.9,51.4,6.69,17.2,5,10.0,1
S0975,Group A,88.1,77.0,63.9,6.37,10.5,1,9.3,0
S0976,Group A,98.5,71.7,54.4,4.64,8.3,2,13.5,1
S0977,Group B,80.4,80.7,70.2,7.44,18.0,5,4.5,0
S0978,Group A,93.4,67.4,77.2,10.0,16.3,5,18.4,0
S0979,Group B,100.0,62.2,61.4,7.67,20.1,1,8.7,0
S0980,Group B,97.8,86.7,84.1,7.27,18.3,4,15.6,0
S0981,Group A,100.0,86.8,72.6,7.73,20.3,2,5.7,0
S0982,Group B,90.9,66.7,73.2,7.29,14.1,3,15.3,0
S0983,Group A,82.9,90.5,65.1,6.2,19.4,2,15.4,0
S0984,Group A,62.8,69.2,56.9,8.41,20.1,9,13.9,1
S0985,Group B,79.0,81.5,68.8,7.6,10.7,3,7.0,0
S0986,Group B,71.9,89.5,70.4,7.32,19.6,3,13.2,0
S0987,Group B,100.0,77.5,69.2,5.98,22.8,3,6.1,0
S0988,Group A,79.9,84.4,75.2,9.06,18.3,4,10.7,0
S0989,Group A,83.5,70.8,75.0,8.2,20.3,4,17.1,0
S0990,Group C,88.6,75.2,57.0,6.55,14.2,4,16.0,1
S0991,Group B,82.5,75.1,87.8,8.65,15.9,2,12.1,0
S0992,Group B,100.0,67.5,62.0,6.63,14.9,0,7.1,0
S0993,Group A,74.5,75.5,72.1,6.24,9.4,2,15.2,0
S0994,Group B,84.3,56.3,52.6,6.27,9.5,6,12.1,1
S0995,Group A,73.1,71.1,54.4,4.91,12.1,5,2.0,1
S0996,Group A,66.2,74.0,59.8,7.94,18.3,8,15.9,1
S0997,Group C,74.7,74.4,63.3,4.83,18.5,6,11.9,0
S0998,Group A,81.6,74.6,64.4,5.64,16.9,2,18.0,0
S0999,Group C,76.8,77.1,56.6,4.5,18.8,1,6.5,1
S1000,Group A,73.7,84.7,69.2,7.18,17.1,5,2.0,0
